-- ============================================================
-- Dane testowe / seedowe
-- UWAGA: uzytkownicy tworza sie przez Supabase Auth (trigger),
-- wiec tutaj seedujemy tylko dane produkcyjne
-- ============================================================

-- Grupy maszyn
INSERT INTO machine_groups (id, name, description) VALUES
  ('a0000000-0000-0000-0000-000000000001', 'Druk maly format', 'Maszyny cyfrowe do formatu max A3+'),
  ('a0000000-0000-0000-0000-000000000002', 'Druk duzy format', 'Plotery, drukarki UV, banery'),
  ('a0000000-0000-0000-0000-000000000003', 'Laminowanie', 'Laminarki (Matrix, Utopik)'),
  ('a0000000-0000-0000-0000-000000000004', 'Ciecie', 'Gilotyny, dokukater, ECHO'),
  ('a0000000-0000-0000-0000-000000000005', 'Obrobka', 'Zaokraglanie, bigowanie, wiercenie'),
  ('a0000000-0000-0000-0000-000000000006', 'Pakowanie', 'Pakowanie i przygotowanie do wysylki');

-- Maszyny
INSERT INTO machines (group_id, name, priority) VALUES
  ('a0000000-0000-0000-0000-000000000001', 'Fuji Revoria', 10),
  ('a0000000-0000-0000-0000-000000000001', 'Konica Minolta', 5),
  ('a0000000-0000-0000-0000-000000000001', 'Canon', 5),
  ('a0000000-0000-0000-0000-000000000002', 'Ploter UV', 5),
  ('a0000000-0000-0000-0000-000000000002', 'Colorado', 5),
  ('a0000000-0000-0000-0000-000000000003', 'Matrix 370', 5),
  ('a0000000-0000-0000-0000-000000000003', 'Utopik', 5),
  ('a0000000-0000-0000-0000-000000000004', 'Gilotyna 1', 5),
  ('a0000000-0000-0000-0000-000000000004', 'Duplo DC-618', 5),
  ('a0000000-0000-0000-0000-000000000004', 'ECHO 1', 5),
  ('a0000000-0000-0000-0000-000000000005', 'Zaokraglacz naroznikow', 5),
  ('a0000000-0000-0000-0000-000000000005', 'Bigownica', 5);

-- Etapy workflow (globalne, reuzywalne)
INSERT INTO workflow_steps (id, name, machine_group_id, color) VALUES
  ('b0000000-0000-0000-0000-000000000001', 'Weryfikacja pliku', NULL, '#6366f1'),
  ('b0000000-0000-0000-0000-000000000002', 'Druk', 'a0000000-0000-0000-0000-000000000001', '#3b82f6'),
  ('b0000000-0000-0000-0000-000000000003', 'Druk duzy format', 'a0000000-0000-0000-0000-000000000002', '#0ea5e9'),
  ('b0000000-0000-0000-0000-000000000004', 'Laminowanie', 'a0000000-0000-0000-0000-000000000003', '#8b5cf6'),
  ('b0000000-0000-0000-0000-000000000005', 'Ciecie', 'a0000000-0000-0000-0000-000000000004', '#f59e0b'),
  ('b0000000-0000-0000-0000-000000000006', 'Ciecie po obrysie', 'a0000000-0000-0000-0000-000000000004', '#f97316'),
  ('b0000000-0000-0000-0000-000000000007', 'Zaokraglanie', 'a0000000-0000-0000-0000-000000000005', '#14b8a6'),
  ('b0000000-0000-0000-0000-000000000008', 'Bigowanie', 'a0000000-0000-0000-0000-000000000005', '#06b6d4'),
  ('b0000000-0000-0000-0000-000000000009', 'Zgrzewanie / oczkowanie', NULL, '#ec4899'),
  ('b0000000-0000-0000-0000-000000000010', 'Zlocenie / lakier UV 3D', NULL, '#eab308'),
  ('b0000000-0000-0000-0000-000000000011', 'Pakowanie', 'a0000000-0000-0000-0000-000000000006', '#22c55e');

-- Przykladowe produkty
INSERT INTO products (id, name, sku, category) VALUES
  ('c0000000-0000-0000-0000-000000000001', 'Wizytowka 350g dwustronna', 'WIZ-350-2S', 'maly_format'),
  ('c0000000-0000-0000-0000-000000000002', 'Wizytowka 350g laminowana', 'WIZ-350-LAM', 'maly_format'),
  ('c0000000-0000-0000-0000-000000000003', 'Plakat A2', 'PLK-A2', 'maly_format'),
  ('c0000000-0000-0000-0000-000000000004', 'Plakat A1', 'PLK-A1', 'duzy_format'),
  ('c0000000-0000-0000-0000-000000000005', 'Baner winylowy', 'BAN-WIN', 'duzy_format'),
  ('c0000000-0000-0000-0000-000000000006', 'Ulotka A5', 'ULT-A5', 'maly_format'),
  ('c0000000-0000-0000-0000-000000000007', 'Naklejki', 'NAK-01', 'maly_format');

-- Workflow dla kazdego produktu
-- Wizytowka 350g dwustronna: weryfikacja → druk → ciecie → pakowanie
INSERT INTO product_workflow (product_id, step_id, step_order) VALUES
  ('c0000000-0000-0000-0000-000000000001', 'b0000000-0000-0000-0000-000000000001', 1),
  ('c0000000-0000-0000-0000-000000000001', 'b0000000-0000-0000-0000-000000000002', 2),
  ('c0000000-0000-0000-0000-000000000001', 'b0000000-0000-0000-0000-000000000005', 3),
  ('c0000000-0000-0000-0000-000000000001', 'b0000000-0000-0000-0000-000000000011', 4);

-- Wizytowka laminowana: weryfikacja → druk → laminowanie → ciecie → pakowanie
INSERT INTO product_workflow (product_id, step_id, step_order) VALUES
  ('c0000000-0000-0000-0000-000000000002', 'b0000000-0000-0000-0000-000000000001', 1),
  ('c0000000-0000-0000-0000-000000000002', 'b0000000-0000-0000-0000-000000000002', 2),
  ('c0000000-0000-0000-0000-000000000002', 'b0000000-0000-0000-0000-000000000004', 3),
  ('c0000000-0000-0000-0000-000000000002', 'b0000000-0000-0000-0000-000000000005', 4),
  ('c0000000-0000-0000-0000-000000000002', 'b0000000-0000-0000-0000-000000000011', 5);

-- Plakat A2: weryfikacja → druk → ciecie → pakowanie
INSERT INTO product_workflow (product_id, step_id, step_order) VALUES
  ('c0000000-0000-0000-0000-000000000003', 'b0000000-0000-0000-0000-000000000001', 1),
  ('c0000000-0000-0000-0000-000000000003', 'b0000000-0000-0000-0000-000000000002', 2),
  ('c0000000-0000-0000-0000-000000000003', 'b0000000-0000-0000-0000-000000000005', 3),
  ('c0000000-0000-0000-0000-000000000003', 'b0000000-0000-0000-0000-000000000011', 4);

-- Baner winylowy: weryfikacja → druk duzy → zgrzewanie/oczkowanie → pakowanie
INSERT INTO product_workflow (product_id, step_id, step_order) VALUES
  ('c0000000-0000-0000-0000-000000000005', 'b0000000-0000-0000-0000-000000000001', 1),
  ('c0000000-0000-0000-0000-000000000005', 'b0000000-0000-0000-0000-000000000003', 2),
  ('c0000000-0000-0000-0000-000000000005', 'b0000000-0000-0000-0000-000000000009', 3),
  ('c0000000-0000-0000-0000-000000000005', 'b0000000-0000-0000-0000-000000000011', 4);

-- Ulotka A5: weryfikacja → druk → ciecie → pakowanie
INSERT INTO product_workflow (product_id, step_id, step_order) VALUES
  ('c0000000-0000-0000-0000-000000000006', 'b0000000-0000-0000-0000-000000000001', 1),
  ('c0000000-0000-0000-0000-000000000006', 'b0000000-0000-0000-0000-000000000002', 2),
  ('c0000000-0000-0000-0000-000000000006', 'b0000000-0000-0000-0000-000000000005', 3),
  ('c0000000-0000-0000-0000-000000000006', 'b0000000-0000-0000-0000-000000000011', 4);

-- Naklejki: weryfikacja → druk → ciecie po obrysie → pakowanie
INSERT INTO product_workflow (product_id, step_id, step_order) VALUES
  ('c0000000-0000-0000-0000-000000000007', 'b0000000-0000-0000-0000-000000000001', 1),
  ('c0000000-0000-0000-0000-000000000007', 'b0000000-0000-0000-0000-000000000002', 2),
  ('c0000000-0000-0000-0000-000000000007', 'b0000000-0000-0000-0000-000000000006', 3),
  ('c0000000-0000-0000-0000-000000000007', 'b0000000-0000-0000-0000-000000000011', 4);

-- Przykladowa firma (CRM)
INSERT INTO companies (name, nip, address) VALUES
  ('Autosan S.A.', '6871100058', 'ul. Lipinskiego 109, 38-500 Sanok');
